thisID,current_acronym,current_name,centroid_x,centroid_y,correct_allen_id,notes
491,MM,Medial mammillary nucleus,2982,75,,
200,COAa2,Cortical amygdalar area anterior part layer 2,2958,294,,
299,MO5,Somatomotor areas Layer 5,2545,310,,
528,CBX,Cerebellar cortex,3630,377,,
333,SH,Septohippocampal nucleus,2179,409,,
536,CEA,Central amygdalar nucleus,3804,413,,
186,LH,Lateral habenula,2728,443,,
172,,,2132,457,,
193,PPYs,Parapyramidal nucleus superficial part,3221,476,,
326,scp,superior cerebelar peduncles,2201,482,,
1073,HEM,Hemispheric regions,5485,540,,
179,ACA6a,Anterior cingulate area layer 6a,2805,612,,
354,MY,Medulla,1794,641,,
165,RAmb,Midbrain raphe nuclei,2302,701,,
458,OT1,Olfactory tubercle molecular layer,4165,726,,
474,ab,angular path,4478,727,,
524,ORBm2,Orbital area medial part layer 2,3753,742,,
468,ENTm2a,Entorhinal area medial part dorsal zone layer 2a,4394,750,,
463,CA3,Field CA3,4336,766,,
347,SBPV,Subparaventricular zone,2289,778,,
144,OT1-3,Olfactory tubercle layers 1-3,2850,778,,
495,CA3sp,Field CA3 pyramidal layer,3537,820,,
508,ENTm2b,Entorhinal area medial part dorsal zone layer 2b,3703,834,,
361,SSp-tr,Primary somatosensory area trunk,2898,838,,
1077,PR,Perireunensis nucleus,5818,843,,
123,KF,Koelliker-Fuse subnucleus,2132,855,,
1068,mfbst,dorsal thalamus related,5278,879,,
532,PTLp1,Posterior parietal association areas layer 1,3939,891,,
374,SNc,Substantia nigra compact part,2997,927,,
137,CSl,Superior central nucleus raphe lateral part,2372,953,,
87,PVHmpd,Paraventricular hypothalamic nucleus parvicellular division medial parvicellular part dorsal zone,1506,998,,
151,AOB,Accessory olfactory bulb,2395,1024,,
1081,ILA6b,Infralimbic area layer 6b,6211,1025,,
561,VIS2/3,Visual areas layer 2/3,3016,1048,,
368,PERI6b,Perirhinal area layer 6b,2918,1082,,
562,BSTrh,Bed nuclei of the stria terminalis anterior division rhomboid nucleus,3492,1096,,
564,MS,Medial septal nucleus,3378,1133,,
1026,SSp-ul6b,Primary somatosensory area upper limb layer 6b,5020,1154,,
1043,tspc,crossed tectospinal pathway,5225,1161,,
568,ACVI,Accessory abducens nucleus,3321,1169,,
445,SPVO,Spinal nucleus of the trigeminal oral part,3244,1215,,
450,SSp-ul1,Primary somatosensory area upper limb layer 1,3425,1273,,
518,SUBv,Subiculum ventral part,3738,1283,,
52,ENTl3,Entorhinal area lateral part layer 3,1508,1299,,
565,VISpm5,posteromedial visual area layer 5,3608,1317,,
1047,SSp-bfd4,Primary somatosensory area barrel field layer 4,5577,1326,,
433,VISam5,Anteromedial visual area layer 5,3398,1330,,
1085,MOs6b,Secondary motor area layer 6b,6393,1333,,
428,mct,medial corticohypothalamic tract,3321,1370,,
422,SPFp,Subparafascicular nucleus parvicellular part,3286,1372,,
1051,tspd,direct tectospinal pathway,5836,1374,,
566,TR,Postpiriform transition area,3736,1379,,
569,BSTd,Bed nuclei of the stria terminalis posterior division dorsal nucleus,3661,1380,,
101,VCO,Ventral cochlear nucleus,1577,1401,,
595,fr,fasciculus retroflexus,3297,1410,,
1030,SSp-ll1,Primary somatosensory area lower limb layer 1,5173,1432,,
601,VISal6a,Anterolateral visual area layer 6a,3303,1449,,
600,AUDd2/3,Dorsal auditory area layer 2/3,3292,1464,,
1021,MOs6a,Secondary motor area layer 6a,4986,1467,,
570,dl,dorsolateral fascicle,3724,1473,,
1055,eg,endorhinal groove,5958,1497,,
439,PVHdp,Paraventricular hypothalamic nucleus descending division dorsal parvicellular part,3636,1502,,
594,BSTtr,Bed nuclei of the stria terminalis posterior division transverse nucleus,3241,1513,,
597,TTd,Taenia tecta dorsal part,3425,1560,,
599,CM,Central medial nucleus of the thalamus,3448,1561,,
66,LT,Lateral terminal nucleus of the accessory optic tract,1133,1577,,
1059,TTd4,Taenia tecta dorsal part layer 4,6005,1583,,
598,AUDv6b,Ventral auditory area layer 6b,3522,1584,,
1089,HPF,Hippocampal formation,6439,1588,,
115,IV,Trochlear nucleus,1540,1590,,
1100,PRT,Pretectal region,5477,1639,,
233,VISal5,Anterolateral visual area layer 5,336,1644,,
812,dscp,superior cerebellar peduncle decussation,4208,1644,,
286,SCH,Suprachiasmatic nucleus,1590,1652,,
19,IG,Induseum griseum,885,1679,,
1093,PRNc,Pontine reticular nucleus caudal part,6276,1682,,
811,ICc,Inferior colliculus central nucleus,4226,1693,,
1063,hf,hippocampal fissure,6016,1695,,
227,ACA6b,Anterior cingulate area layer 6b,384,1707,,
80,AHA,Anterior hypothalamic area,939,1707,,
1099,fxs,fornix system,5455,1711,,
810,ACAv6a,Anterior cingulate area ventral part 6a,4252,1732,,
835,PALv,Pallidum ventral region,4263,1737,,
977,ECT6a,Ectorhinal area/Layer 6a,5758,1739,,
1098,MDRNd,Medullary reticular nucleus dorsal part,5442,1743,,
492,ORB2/3,Orbital area layer 2/3,610,1745,,
1009,fiber tracts,fiber tracts,5841,1768,,
1003,cpt,corticopontine tract,5644,1769,,
713,per,perforant path,3288,1771,,
25,sif,simple fissure,661,1773,,
1006,SSp-tr1,Primary somatosensory area trunk layer 1,5217,1787,,
815,DGmb-po,Dentate gyrus medial blade polymorph layer,4848,1788,,
714,ORB,Orbital area,3243,1794,,
1005,AUDp6b,Primary auditory area layer 6b,6181,1810,,
905,VISal2/3,Anterolateral visual area layer 2/3,5598,1814,,
904,MSC,Medial septal complex,5712,1815,,
948,cVIIIn,cochlear nerve,5446,1816,,
816,AUDp4,Primary auditory area layer 4,4707,1821,,
906,RSPagl6a,Retrosplenial area lateral agranular part layer 6a,5800,1831,,
1007,SIM,Simple lobule,5977,1831,,
1004,PMv,Ventral premammillary nucleus,6130,1832,,
685,VM,Ventral medial nucleus of the thalamus,3206,1836,,
975,EW,Edinger-Westphal nucleus,5712,1836,,
701,VNC,Vestibular nuclei,3557,1839,,
702,SSp-n5,Primary somatosensory area nose layer 5,3745,1846,,
847,AUDp5,Primary auditory area layer 5,4006,1848,,
888,PERI2/3,Perirhinal area layer 2/3,5288,1848,,
941,vsp,vestibulospinal pathway,6020,1852,,
686,SSp6a,Primary somatosensory area layer 6a,3193,1853,,
849,VISC6b,Visceral area layer 6b,3982,1860,,
45,SPVOrdm,Spinal nucleus of the trigeminal oral part rostral dorsomedial part,1030,1863,,
574,TRN,Tegmental reticular nucleus,2231,1863,,
886,RSPv,Retrosplenial area ventral part,5101,1874,,
964,ee,corpus callosum extreme capsule,6627,1881,,
943,MOp2/3,Primary motor area Layer 2/3,6144,1888,,
940,cing,cingulum bundle,6364,1894,,
814,DP,Dorsal peduncular area,4766,1895,,
942,EP,Endopiriform nucleus,6458,1897,,
946,PH,Posterior hypothalamic nucleus,6689,1900,,
669,VIS,Visual areas,3495,1905,,
945,SSp-ul6a,Primary somatosensory area upper limb layer 6a,6665,1914,,
577,SSp-ul4,Primary somatosensory area upper limb layer 4,1992,1915,,
578,BSTpr,Bed nuclei of the stria terminalis posterior division principal nucleus,1930,1919,,
846,DN,Dentate nucleus,4012,1923,,
612,NLL,Nucleus of the lateral lemniscus,2385,1925,,
611,hbc,habenular commissure,2303,1929,,
913,VIS4,Visual areas layer 4,5459,1941,,
663,COApm,Cortical amygdalar area posterior part medial zone,3682,1948,,
983,lfbs,lateral forebrain bundle system,6188,1949,,
947,MO6b,Somatomotor areas Layer 6b,6569,1953,,
708,AHNc,Anterior hypothalamic nucleus central part,3888,1955,,
984,CENT3,Lobule III,6382,1956,,
670,SSp-tr2/3,Primary somatosensory area trunk layer 2/3,3357,1969,,
700,AHNa,Anterior hypothalamic nucleus anterior part,2926,1972,,
706,OP,Olivary pretectal nucleus,3742,1974,,
693,VMH,Ventromedial hypothalamic nucleus,2994,1976,,
978,PGRNl,Paragigantocellular reticular nucleus lateral part,6180,1976,,
557,TM,Tuberomammillary nucleus,1423,1978,,
850,uf,uncinate fascicle,4095,1985,,
417,VISrl,Rostrolateral visual area,1628,1990,,
840,In,olfactory nerve,3963,1999,,
919,ACAd6a,Anterior cingulate area dorsal part layer 6a,5510,2001,,
998,FS,Fundus of striatum,6366,2002,,
711,CU,Cuneate nucleus,3895,2012,,
890,PBm,Parabrachial nucleus medial division,5351,2018,,
699,AIv6b,Agranular insular area ventral part layer 6b,2685,2019,,
848,IIn,optic nerve,4007,2022,,
892,apd,ansa peduncularis,5013,2036,,
698,OLF,Olfactory areas,2661,2047,,
660,PVHpmm,Paraventricular hypothalamic nucleus magnocellular division posterior magnocellular part medial zone,3614,2051,,
683,PTLp5,Posterior parietal association areas layer 5,2864,2057,,
108,chpl,choroid plexus,1144,2068,,
672,CP,Caudoputamen,3531,2068,,
845,SUBd-sp,Subiculum dorsal part pyramidal layer,4066,2069,,
657,SSp-m2/3,Primary somatosensory area mouth layer 2/3,3846,2076,,
955,LRNm,Lateral reticular nucleus magnocellular part,6747,2077,,
957,UVU,Uvula (IX),6197,2078,,
956,fa,corpus callosum anterior forceps,6443,2087,,
891,PBlv,Parabrachial nucleus lateral division ventral lateral part,5010,2088,,
853,SUBv-m,Subiculum ventral part molecular layer,4653,2092,,
834,SCzo,Superior colliculus zonal layer,4292,2093,,
661,VII,Facial motor nucleus,3721,2097,,
650,jrb,juxtarestiform body,3299,2108,,
560,CNspg,Cochlear nucleus subpedunclular granular region,1317,2114,,
938,PGRN,Paragigantocellular reticular nucleus,6753,2120,,
832,IIIn,oculomotor nerve,4282,2128,,
818,PALd,Pallidum dorsal region,4486,2139,,
662,GU6b,Gustatory areas layer 6b,3693,2141,,
949,von,vomeronasal nerve,6704,2144,,
614,TU,Tuberal nucleus,2395,2149,,
819,ACAv6b,Anterior cingulate area ventral part 6b,4321,2149,,
916,bsc,brachium of the superior colliculus,5131,2149,,
997,root,root,6209,2152,,
671,RSPagl1,Retrosplenial area lateral agranular part layer 1,3611,2155,,
805,VISpm1,posteromedial visual area layer 1,3859,2159,,
934,ENTmv,Entorhinal area medial part ventral zone,5186,2160,,
817,supa,supraoptic commissures anterior,4426,2162,,
833,supv,supraoptic commissures ventral,4250,2166,,
929,SSp-n6b,Primary somatosensory area nose layer 6b,5026,2166,,
648,MOp5,Primary motor area Layer 5,3384,2170,,
995,PMR,Paramedian reticular nucleus,6523,2177,,
655,COApl,Cortical amygdalar area posterior part lateral zone,3690,2179,,
73,VS,ventricular systems,868,2180,,
820,ICd,Inferior colliculus dorsal nucleus,4492,2187,,
908,act,anterior commissure temporal limb,4939,2187,,
910,ORBm6a,Orbital area medial part layer 6a,4975,2192,,
996,AId1,Agranular insular area dorsal part layer 1,6662,2192,,
676,DMHp,Dorsomedial nucleus of the hypothalamus posterior part,2495,2195,,
680,ORBvl6b,Orbital area ventrolateral part layer 6b,2381,2198,,
682,NTSl,Nucleus of the solitary tract lateral part,2348,2203,,
999,ENTl2/3,Entorhinal area lateral part layer 2/3,6128,2206,,
912,LING,Lingula (I),5009,2210,,
1012,crt,corticorubral tract,5360,2210,,
930,PF,Parafascicular nucleus,5004,2213,,
645,VERM,Vermal regions,2851,2216,,
1014,GENv,Geniculate group ventral thalamus,6651,2230,,
1013,,,6468,2233,,
933,VIIIn,vestibulocochlear nerve,5111,2242,,
694,AIv2/3,Agranular insular area ventral part layer 2/3,2271,2246,,
909,ENT,Entorhinal area,4994,2248,,
935,ACAd1,Anterior cingulate area dorsal part layer 1,5056,2255,,
990,AUDv4,Ventral auditory area layer 4,6495,2259,,
931,PG,Pontine gray,4999,2262,,
989,FN,Fastigial nucleus,6363,2264,,
649,VISal6b,Anterolateral visual area layer 6b,3337,2266,,
839,DMX,Dorsal motor nucleus of the vagus nerve,4398,2274,,
704,AIv1,Agranular insular area ventral part layer 1,2334,2278,,
651,NTS,Nucleus of the solitary tract,3209,2281,,
678,AUDd4,Dorsal auditory area layer 4,2492,2282,,
882,MOp6b,Primary motor area Layer 6b,4763,2282,,
558,SSp-n1,Primary somatosensory area nose layer 1,1057,2286,,
654,SSp-n4,Primary somatosensory area nose layer 4,3344,2293,,
646,DP5,Dorsal peduncular area layer 5,2891,2296,,
803,PAL,Pallidum,3270,2296,,
656,MOs1,Secondary motor area layer 1,3250,2307,,
801,VIS1,Visual areas layer 1,3821,2308,,
987,P-mot,Pons motor related,6749,2314,,
918,ENTl,Entorhinal area lateral part,5249,2321,,
679,CS,Superior central nucleus raphe,2469,2330,,
690,mtt,mammillothalamic tract,2902,2333,,
889,SSp-n6a,Primary somatosensory area nose layer 6a,6681,2336,,
981,SSp-bfd1,Primary somatosensory area barrel field layer 1,6378,2338,,
798,VIIn,facial nerve,3859,2339,,
926,ENTm,Entorhinal area medial part dorsal zone,4790,2339,,
881,PBl,Parabrachial nucleus lateral division,4488,2347,,
691,NTSm,Nucleus of the solitary tract medial part,2809,2353,,
797,ZI,Zona incerta,3795,2364,,
681,mtg,mammillotegmental tract,2310,2368,,
804,FF,Fields of Forel,2982,2384,,
695,CTXpl,Cortical plate,2477,2395,,
868,PBld,Parabrachial nucleus lateral division dorsal lateral part,5027,2401,,
871,sst,spinothalamic tract,4578,2409,,
861,SUBv-sr,Subiculum ventral part stratum radiatum,4604,2414,,
860,PBlc,Parabrachial nucleus lateral division central lateral part,4918,2421,,
969,ORBvl1,Orbital area ventrolateral part layer 1,5929,2430,,
239,ATN,Anterior group of the dorsal thalamus,167,2439,,
280,B,Barrington's nucleus,830,2452,,
880,DTN,Dorsal tegmental nucleus,4095,2461,,
823,DGmb-sg,Dentate gyrus medial blade granule cell layer,4499,2494,,
292,BA,Bed nucleus of the accessory olfactory tract,798,2499,,
979,ccr,corpus callosum rostrum,6540,2517,,
862,SSs6a,Supplemental somatosensory area layer 6a,4081,2522,,
932,cett,cervicothalamic tract,5313,2522,,
870,SUBv-sp,Subiculum ventral part pyramidal layer,4021,2534,,
826,PALm,Pallidum medial region,4738,2542,,
867,PB,Parabrachial nucleus,4366,2545,,
265,,,189,2562,,
622,RSPv6b,Retrosplenial area ventral part layer 6b,1640,2568,,
824,mfsbshy,hypothalamus related,4202,2579,,
793,SSp1,Primary somatosensory area layer 1,3726,2586,,
796,A13,Dopaminergic A13 group,2104,2595,,
988,ECT5,Ectorhinal area/Layer 5,6688,2604,,
259,ENTmv1,Entorhinal area medial part ventral zone layer 1,302,2628,,
771,P,Pons,3866,2646,,
272,AVPV,Anteroventral periventricular nucleus,260,2652,,
970,PGRNd,Paragigantocellular reticular nucleus dorsal part,5864,2679,,
576,ACVII,Accessory facial motor nucleus,1385,2689,,
795,PAG,Periaqueductal gray,3379,2700,,
985,MOp,Primary motor area,6136,2704,,
615,SNl,Substantia nigra lateral part,1825,2712,,
967,cm,cranial nerves,6426,2712,,
802,sm,stria medullaris,3207,2720,,
800,AIv5,Agranular insular area ventral part layer 5,2534,2726,,
973,VISl2/3,Lateral visual area layer 2/3,6648,2728,,
854,SSp-ul2/3,Primary somatosensory area upper limb layer 2/3,4231,2733,,
246,RR,Midbrain reticular nucleus retrorubral area,362,2737,,
387,ENTl5/6,Entorhinal area lateral part layer 5/6,560,2738,,
914,PD,Posterodorsal preoptic nucleus,5725,2738,,
273,,,273,2740,,
782,DGlb-po,Dentate gyrus lateral blade polymorph layer,3541,2745,,
748,MPNl,Medial preoptic nucleus lateral part,1892,2755,,
974,SSp-m5,Primary somatosensory area mouth layer 5,6600,2764,,
972,PL,Prelimbic area,6637,2764,,
391,CA1slm,Field CA1 stratum lacunosum-moleculare,516,2770,,
381,SNr,Substantia nigra reticular part,801,2770,,
992,CUL4,Lobule IV,6174,2778,,
639,COAa,Cortical amygdalar area anterior part,1546,2782,,
781,y,Nucleus y,3599,2782,,
764,ENTl2b,Entorhinal area lateral part layer 2b,3807,2784,,
758,DGcr-sg,Dentate gyrus crest granule cell layer,2404,2787,,
993,MOs,Secondary motor area,6443,2810,,
788,PAA,Piriform-amygdalar area,3018,2811,,
783,AId6a,Agranular insular area dorsal part layer 6a,2797,2815,,
777,VMHdm,Ventromedial hypothalamic nucleus dorsomedial part,2070,2818,,
740,MPNc,Medial preoptic nucleus central part,3492,2821,,
980,PMd,Dorsal premammillary nucleus,6527,2821,,
736,ctb,central tegmental bundle,1937,2830,,
747,ILA2,Infralimbic area layer 2,2243,2832,,
920,CENT,Central lobule,5640,2836,,
619,NLOT,Nucleus of the lateral olfactory tract,1716,2839,,
745,fxprg,precommissural fornix general,2041,2839,,
765,x,Nucleus x,3738,2840,,
976,CENT2,Lobule II,6719,2844,,
589,TT,Taenia tecta,1334,2850,,
1008,GENd,Geniculate group dorsal thalamus,6797,2850,,
737,fxpo,postcommissural fornix,2345,2853,,
968,NOD,Nodulus (X),6031,2856,,
406,SPF,Subparafascicular nucleus,1157,2862,,
827,ILA5,Infralimbic area layer 5,4285,2862,,
588,ACAv1,Anterior cingulate area ventral part layer 1,1443,2866,,
752,cbp,cerebellar peduncles,2581,2866,,
841,tb,trapezoid body,4094,2871,,
738,ORBv,Orbital area ventral part,2007,2875,,
776,cc,corpus callosum,3931,2882,,
618,hc,hippocampal commissures,1617,2884,,
749,VTA,Ventral tegmental area,2191,2886,,
756,MPNm,Medial preoptic nucleus medial part,2097,2888,,
620,ORBm5,Orbital area medial part layer 5,1565,2914,,
753,pm,principal mammillary tract,2378,2914,,
400,PAA1-3,Piriform-amygdalar area layers 1-3,866,2917,,
766,DGlb,Dentate gyrus lateral blade,3648,2917,,
591,CLI,Central linear nucleus raphe,1464,2918,,
718,VPL,Ventral posterolateral nucleus of the thalamus,2652,2918,,
857,VISC6a,Visceral area layer 6a,4331,2920,,
842,SCsg,Superior colliculus superficial gray layer,4080,2921,,
732,Mmme,Medial mammillary nucleus median part,2436,2926,,
733,VPM,Ventral posteromedial nucleus of the thalamus,2915,2928,,
411,MEAad,Medial amygdalar nucleus anterodorsal part,756,2932,,
734,DGcr,Dentate gyrus crest,3174,2936,,
966,EPv,Endopiriform nucleus ventral part,5826,2938,,
590,RSPv6a,Retrosplenial area ventral part layer 6a,1288,2944,,
855,rst,retriculospinal tract,4423,2947,,
858,vc,ventral commissure of the spinal cord,4617,2948,,
754,OT,Olfactory tubercle,1840,2955,,
775,DGlb-mo,Dentate gyrus lateral blade molecular layer,3900,2955,,
751,DGcr-po,Dentate gyrus crest polymorph layer,2140,2956,,
739,ACA5,Anterior cingulate area layer 5,2010,2959,,
592,COApm1-2,Cortical amygdalar area posterior part medial zone layers 1-2,1278,2961,,
744,cbc,cerebellar commissure,1917,2961,,
721,VISp4,Primary visual area layer 4,2471,2961,,
750,VISpl1,Posterolateral visual area layer 1,3534,2964,,
746,ORBvl,Orbital area ventrolateral part,1943,2968,,
